member_id,member_name,member_address,reg_date
M001,Julie Willis,"47472 Cook Glen Apt. 826, North Sarah, MN 96547",2023-09-26
M002,James Thomas,"10678 Henry Inlet, Lake Jason, TX 01475",2025-03-05
M003,Mrs. Jennifer Jackson,"4618 Bryant Run Apt. 378, Barnesport, KY 87497",2024-04-18
M004,Adam Wyatt,"86961 Daniel Hill, West Brian, NV 44027",2023-12-09
M005,Christine Brown,"PSC 7168, Box 7290, APO AE 05280",2023-10-03
M006,Mary Cortez,"6021 Adams Crescent Apt. 723, South Danielle, MS 31225",2024-11-04
M007,Rebecca Greer,"06097 Morrison Groves, North Shane, LA 10332",2023-08-09
M008,Patricia Pierce,"896 Kristy Roads Suite 829, New Jane, SD 82445",2023-06-16
M009,Nicole Anderson,"26840 Jeff Trail, Brentport, MS 60370",2024-11-12
M010,Craig Drake,"091 Henry Locks Suite 126, Robertside, FL 36314",2024-07-08
M011,Shannon Jones,"981 Beasley Rue, North Doris, KY 58206",2024-09-29
M012,Rachel Harris,"4802 Johnson Glens, Jerrybury, NH 15054",2023-11-27
M013,Brandi Powers,"415 Luna Skyway Suite 397, Dianeport, SD 47149",2024-05-17
M014,Luis Cooper,"9307 Ray Crossroad, Samanthaport, CT 82133",2025-04-25
M015,Nicholas Harvey,"142 Joseph Plaza Apt. 918, Lake Barbara, MT 51287",2024-06-14
M016,Kathleen Dixon,"74858 Johnson Gardens, Guzmanview, NC 07992",2023-11-29
M017,Ryan White,"40827 Thomas Trace, Dawntown, KS 60075",2023-06-06
M018,Brenda Stein,"26183 Carter Creek, Andrewshire, MS 87234",2024-09-28
M019,Kristen Espinoza,"88265 Fowler Throughway, East Thomas, AZ 47414",2024-07-08
M020,Lauren Fuller,"3026 Shelley Isle Suite 143, Waltershire, NH 86689",2024-05-10
M021,Brian Ellis,"USS Salazar, FPO AP 04192",2024-08-16
M022,Ashlee Hernandez,"9505 Sara Pine, Jonesbury, WY 38841",2024-03-18
M023,Travis Poole,"00175 Brandon Dale Suite 891, Irwinmouth, WI 61619",2024-11-11
M024,Deborah Johnson,"69906 Arthur Isle, West Tammy, ME 97882",2024-07-11
M025,Nicholas Melton,"744 Dean Tunnel Suite 955, West Elizabeth, CO 56344",2024-04-15
M026,Todd Thomas,"884 William Cove, Port Karina, RI 49698",2024-12-05
M027,Lisa King,"814 Erin Islands Apt. 889, North Carolynton, TN 66145",2023-07-05
M028,Joshua Stevenson,"Unit 2832 Box 0805, DPO AP 66125",2024-04-02
M029,William Holland,"511 Guerrero Camp, Leemouth, KS 25075",2023-12-08
M030,Donna Howell,"75343 Nathan Spurs Suite 434, West Aaron, KS 65038",2023-12-29
M031,Russell Bond,"18952 Stephanie Shoal Apt. 584, Port James, LA 64727",2024-05-07
M032,Jeffrey Romero,"257 Charles Neck, New David, MS 19432",2023-08-28
M033,John Day,"8380 Pamela Crescent, Lake Benjamin, KY 37203",2025-04-03
M034,Mr. Dustin Castro,"147 Jason Overpass Apt. 426, Garciaburgh, NC 14526",2023-11-03
M035,Diane Lowe,"91222 Brown Island, East Stephanieborough, NE 75234",2024-06-10
M036,Austin Perez,"USNV Riley, FPO AE 59871",2024-03-15
M037,Patricia Stokes,"774 Perez Points, New Michaelton, KS 83967",2024-04-10
M038,Christina Carey,"5633 Kimberly Mission, New Amberview, AL 49352",2024-11-11
M039,Kevin Phillips,"182 Vega Garden, Lake William, KS 71968",2024-12-07
M040,Amber Morales,"5337 Kathleen Neck Suite 196, North Albert, WV 07594",2024-03-26
M041,Robert Adams,"757 Daniel Route, Edwardmouth, AK 10650",2023-11-13
M042,Brian Hayes,"3283 Ruiz Terrace, Taylorfort, NY 51587",2024-12-01
M043,Stacy Cordova,"643 Stephen Mountain, Simpsonborough, MA 53546",2024-06-07
M044,Stephanie Bradshaw,"90881 Smith Road, Brownchester, AR 09513",2024-07-16
M045,Scott Lara,"976 Holden Spurs, Joshuafort, MI 87072",2023-12-21
M046,Vincent Russell,"1256 Raymond Squares, Rosalesstad, WY 53832",2023-09-25
M047,Linda Beltran,"8337 Bill Road Suite 438, Jacobchester, MI 83515",2025-01-03
M048,Charlene Cain,"USNV Gonzales, FPO AE 66688",2024-01-24
M049,Melissa Medina,"4732 Stanley Light Apt. 563, Sarahmouth, MN 94027",2023-12-10
M050,Alexis Mason,"4390 Cody Path, Port Steven, DC 88384",2023-06-29
